<?xml version='1.0' encoding='UTF-8'?><message:GenericData xmlns:message="http://www.SDMX.org/resources/SDMXML/schemas/v2_0/message" xmlns="http://www.SDMX.org/resources/SDMXML/schemas/v2_0/generic" xmlns:common="http://www.SDMX.org/resources/SDMXML/schemas/v2_0/common" xmlns:xsi="http://www.w3.org/2001/XMLSchema-instance" xsi:schemaLocation="http://www.SDMX.org/resources/SDMXML/schemas/v2_0/generic http://www.sdmx.org/docs/2_0/SDMXGenericData.xsd http://www.SDMX.org/resources/SDMXML/schemas/v2_0/message http://www.sdmx.org/docs/2_0/SDMXMessage.xsd"><message:Header><message:ID>dedemoDECILL2023-04-12T110409</message:ID><message:Test>false</message:Test><message:Prepared>2023-04-12T11:04:09.480+02:00</message:Prepared><message:Sender id="ST_AT"><message:Name xml:lang="de">Statistics Austria</message:Name></message:Sender></message:Header><message:DataSet><KeyFamilyRef>dedemoDECILL2023-04-12T110409</KeyFamilyRef><Series><SeriesKey><Value concept="F-DATA_C-A10-0" value="C-A10-0_A10-2016"/><Value concept="F-DATA_C-EWSTUF-0" value="C-EWSTUF5-0_EWSTUF5-1"/><Value concept="F-DATA_C-C41-2" value="C-B00-0_B00-1"/><Value concept="MEASURES_DIMENSION" value="F-DATA_@7c@@7c@STATFUNCT@7c@sumof@7c@@2b@@7c@@23@@23@col@2e@fact@2e@F-DATA@2e@F-LJ@5f@1@40@@40@F-LJ@5f@1"/></SeriesKey><Attributes><Value concept="UNIT_MEASURE" value="number"/><Value concept="UNIT_MULT" value="0"/><Value concept="AGGREGATION_LEVEL" value="F-DATA"/><Value concept="MEASURE_TYPE" value="sum"/></Attributes><Obs><Time>2019-11-07</Time><ObsValue value="324021.0"/></Obs></Series><Series><SeriesKey><Value concept="F-DATA_C-A10-0" value="C-A10-0_A10-2016"/><Value concept="F-DATA_C-EWSTUF-0" value="C-EWSTUF5-0_EWSTUF5-1"/><Value concept="F-DATA_C-C41-2" value="C-B00-0_B00-1"/><Value concept="MEASURES_DIMENSION" value="F-DATA_@7c@@7c@STATFUNCT@7c@sumof@7c@@2b@@7c@@23@@23@col@2e@fact@2e@F-DATA@2e@F-LJ@5f@2@40@@40@F-LJ@5f@2"/></SeriesKey><Attributes><Value concept="UNIT_MEASURE" value="number"/><Value concept="UNIT_MULT" value="0"/><Value concept="AGGREGATION_LEVEL" value="F-DATA"/><Value concept="MEASURE_TYPE" value="sum"/></Attributes><Obs><Time>2019-11-07</Time><ObsValue value="339905.0"/></Obs></Series><Series><SeriesKey><Value concept="F-DATA_C-A10-0" value="C-A10-0_A10-2016"/><Value concept="F-DATA_C-EWSTUF-0" value="C-EWSTUF5-0_EWSTUF5-1"/><Value concept="F-DATA_C-C41-2" value="C-B00-0_B00-2"/><Value concept="MEASURES_DIMENSION" value="F-DATA_@7c@@7c@STATFUNCT@7c@sumof@7c@@2b@@7c@@23@@23@col@2e@fact@2e@F-DATA@2e@F-LJ@5f@1@40@@40@F-LJ@5f@1"/></SeriesKey><Attributes><Value concept="UNIT_MEASURE" value="number"/><Value concept="UNIT_MULT" value="0"/><Value concept="AGGREGATION_LEVEL" value="F-DATA"/><Value concept="MEASURE_TYPE" value="sum"/></Attributes><Obs><Time>2019-11-07</Time><ObsValue value="241691.0"/></Obs></Series><Series><SeriesKey><Value concept="F-DATA_C-A10-0" value="C-A10-0_A10-2016"/><Value concept="F-DATA_C-EWSTUF-0" value="C-EWSTUF5-0_EWSTUF5-1"/><Value concept="F-DATA_C-C41-2" value="C-B00-0_B00-2"/><Value concept="MEASURES_DIMENSION" value="F-DATA_@7c@@7c@STATFUNCT@7c@sumof@7c@@2b@@7c@@23@@23@col@2e@fact@2e@F-DATA@2e@F-LJ@5f@2@40@@40@F-LJ@5f@2"/></SeriesKey><Attributes><Value concept="UNIT_MEASURE" value="number"/><Value concept="UNIT_MULT" value="0"/><Value concept="AGGREGATION_LEVEL" value="F-DATA"/><Value concept="MEASURE_TYPE" value="sum"/></Attributes><Obs><Time>2019-11-07</Time><ObsValue value="243903.0"/></Obs></Series><Series><SeriesKey><Value concept="F-DATA_C-A10-0" value="C-A10-0_A10-2016"/><Value concept="F-DATA_C-EWSTUF-0" value="C-EWSTUF5-0_EWSTUF5-1"/><Value concept="F-DATA_C-C41-2" value="C-S07-0_S07-1"/><Value concept="MEASURES_DIMENSION" value="F-DATA_@7c@@7c@STATFUNCT@7c@sumof@7c@@2b@@7c@@23@@23@col@2e@fact@2e@F-DATA@2e@F-LJ@5f@1@40@@40@F-LJ@5f@1"/></SeriesKey><Attributes><Value concept="UNIT_MEASURE" value="number"/><Value concept="UNIT_MULT" value="0"/><Value concept="AGGREGATION_LEVEL" value="F-DATA"/><Value concept="MEASURE_TYPE" value="sum"/></Attributes><Obs><Time>2019-11-07</Time><ObsValue value="0.0"/></Obs></Series><Series><SeriesKey><Value concept="F-DATA_C-A10-0" value="C-A10-0_A10-2016"/><Value concept="F-DATA_C-EWSTUF-0" value="C-EWSTUF5-0_EWSTUF5-1"/><Value concept="F-DATA_C-C41-2" value="C-S07-0_S07-1"/><Value concept="MEASURES_DIMENSION" value="F-DATA_@7c@@7c@STATFUNCT@7c@sumof@7c@@2b@@7c@@23@@23@col@2e@fact@2e@F-DATA@2e@F-LJ@5f@2@40@@40@F-LJ@5f@2"/></SeriesKey><Attributes><Value concept="UNIT_MEASURE" value="number"/><Value concept="UNIT_MULT" value="0"/><Value concept="AGGREGATION_LEVEL" value="F-DATA"/><Value concept="MEASURE_TYPE" value="sum"/></Attributes><Obs><Time>2019-11-07</Time><ObsValue value="0.0"/></Obs></Series><Series><SeriesKey><Value concept="F-DATA_C-A10-0" value="C-A10-0_A10-2016"/><Value concept="F-DATA_C-EWSTUF-0" value="C-EWSTUF5-0_EWSTUF5-1"/><Value concept="F-DATA_C-C41-2" value="C-S07-0_S07-2"/><Value concept="MEASURES_DIMENSION" value="F-DATA_@7c@@7c@STATFUNCT@7c@sumof@7c@@2b@@7c@@23@@23@col@2e@fact@2e@F-DATA@2e@F-LJ@5f@1@40@@40@F-LJ@5f@1"/></SeriesKey><Attributes><Value concept="UNIT_MEASURE" value="number"/><Value concept="UNIT_MULT" value="0"/><Value concept="AGGREGATION_LEVEL" value="F-DATA"/><Value concept="MEASURE_TYPE" value="sum"/></Attributes><Obs><Time>2019-11-07</Time><ObsValue value="5007.0"/></Obs></Series><Series><SeriesKey><Value concept="F-DATA_C-A10-0" value="C-A10-0_A10-2016"/><Value concept="F-DATA_C-EWSTUF-0" value="C-EWSTUF5-0_EWSTUF5-1"/><Value concept="F-DATA_C-C41-2" value="C-S07-0_S07-2"/><Value concept="MEASURES_DIMENSION" value="F-DATA_@7c@@7c@STATFUNCT@7c@sumof@7c@@2b@@7c@@23@@23@col@2e@fact@2e@F-DATA@2e@F-LJ@5f@2@40@@40@F-LJ@5f@2"/></SeriesKey><Attributes><Value concept="UNIT_MEASURE" value="number"/><Value concept="UNIT_MULT" value="0"/><Value concept="AGGREGATION_LEVEL" value="F-DATA"/><Value concept="MEASURE_TYPE" value="sum"/></Attributes><Obs><Time>2019-11-07</Time><ObsValue value="5786.0"/></Obs></Series><Series><SeriesKey><Value concept="F-DATA_C-A10-0" value="C-A10-0_A10-2016"/><Value concept="F-DATA_C-EWSTUF-0" value="C-EWSTUF5-0_EWSTUF5-2"/><Value concept="F-DATA_C-C41-2" value="C-B00-0_B00-1"/><Value concept="MEASURES_DIMENSION" value="F-DATA_@7c@@7c@STATFUNCT@7c@sumof@7c@@2b@@7c@@23@@23@col@2e@fact@2e@F-DATA@2e@F-LJ@5f@1@40@@40@F-LJ@5f@1"/></SeriesKey><Attributes><Value concept="UNIT_MEASURE" value="number"/><Value concept="UNIT_MULT" value="0"/><Value concept="AGGREGATION_LEVEL" value="F-DATA"/><Value concept="MEASURE_TYPE" value="sum"/></Attributes><Obs><Time>2019-11-07</Time><ObsValue value="128217.0"/></Obs></Series><Series><SeriesKey><Value concept="F-DATA_C-A10-0" value="C-A10-0_A10-2016"/><Value concept="F-DATA_C-EWSTUF-0" value="C-EWSTUF5-0_EWSTUF5-2"/><Value concept="F-DATA_C-C41-2" value="C-B00-0_B00-1"/><Value concept="MEASURES_DIMENSION" value="F-DATA_@7c@@7c@STATFUNCT@7c@sumof@7c@@2b@@7c@@23@@23@col@2e@fact@2e@F-DATA@2e@F-LJ@5f@2@40@@40@F-LJ@5f@2"/></SeriesKey><Attributes><Value concept="UNIT_MEASURE" value="number"/><Value concept="UNIT_MULT" value="0"/><Value concept="AGGREGATION_LEVEL" value="F-DATA"/><Value concept="MEASURE_TYPE" value="sum"/></Attributes><Obs><Time>2019-11-07</Time><ObsValue value="132499.0"/></Obs></Series><Series><SeriesKey><Value concept="F-DATA_C-A10-0" value="C-A10-0_A10-2016"/><Value concept="F-DATA_C-EWSTUF-0" value="C-EWSTUF5-0_EWSTUF5-2"/><Value concept="F-DATA_C-C41-2" value="C-B00-0_B00-2"/><Value concept="MEASURES_DIMENSION" value="F-DATA_@7c@@7c@STATFUNCT@7c@sumof@7c@@2b@@7c@@23@@23@col@2e@fact@2e@F-DATA@2e@F-LJ@5f@1@40@@40@F-LJ@5f@1"/></SeriesKey><Attributes><Value concept="UNIT_MEASURE" value="number"/><Value concept="UNIT_MULT" value="0"/><Value concept="AGGREGATION_LEVEL" value="F-DATA"/><Value concept="MEASURE_TYPE" value="sum"/></Attributes><Obs><Time>2019-11-07</Time><ObsValue value="185109.0"/></Obs></Series><Series><SeriesKey><Value concept="F-DATA_C-A10-0" value="C-A10-0_A10-2016"/><Value concept="F-DATA_C-EWSTUF-0" value="C-EWSTUF5-0_EWSTUF5-2"/><Value concept="F-DATA_C-C41-2" value="C-B00-0_B00-2"/><Value concept="MEASURES_DIMENSION" value="F-DATA_@7c@@7c@STATFUNCT@7c@sumof@7c@@2b@@7c@@23@@23@col@2e@fact@2e@F-DATA@2e@F-LJ@5f@2@40@@40@F-LJ@5f@2"/></SeriesKey><Attributes><Value concept="UNIT_MEASURE" value="number"/><Value concept="UNIT_MULT" value="0"/><Value concept="AGGREGATION_LEVEL" value="F-DATA"/><Value concept="MEASURE_TYPE" value="sum"/></Attributes><Obs><Time>2019-11-07</Time><ObsValue value="186086.0"/></Obs></Series><Series><SeriesKey><Value concept="F-DATA_C-A10-0" value="C-A10-0_A10-2016"/><Value concept="F-DATA_C-EWSTUF-0" value="C-EWSTUF5-0_EWSTUF5-2"/><Value concept="F-DATA_C-C41-2" value="C-S07-0_S07-1"/><Value concept="MEASURES_DIMENSION" value="F-DATA_@7c@@7c@STATFUNCT@7c@sumof@7c@@2b@@7c@@23@@23@col@2e@fact@2e@F-DATA@2e@F-LJ@5f@1@40@@40@F-LJ@5f@1"/></SeriesKey><Attributes><Value concept="UNIT_MEASURE" value="number"/><Value concept="UNIT_MULT" value="0"/><Value concept="AGGREGATION_LEVEL" value="F-DATA"/><Value concept="MEASURE_TYPE" value="sum"/></Attributes><Obs><Time>2019-11-07</Time><ObsValue value="0.0"/></Obs></Series><Series><SeriesKey><Value concept="F-DATA_C-A10-0" value="C-A10-0_A10-2016"/><Value concept="F-DATA_C-EWSTUF-0" value="C-EWSTUF5-0_EWSTUF5-2"/><Value concept="F-DATA_C-C41-2" value="C-S07-0_S07-1"/><Value concept="MEASURES_DIMENSION" value="F-DATA_@7c@@7c@STATFUNCT@7c@sumof@7c@@2b@@7c@@23@@23@col@2e@fact@2e@F-DATA@2e@F-LJ@5f@2@40@@40@F-LJ@5f@2"/></SeriesKey><Attributes><Value concept="UNIT_MEASURE" value="number"/><Value concept="UNIT_MULT" value="0"/><Value concept="AGGREGATION_LEVEL" value="F-DATA"/><Value concept="MEASURE_TYPE" value="sum"/></Attributes><Obs><Time>2019-11-07</Time><ObsValue value="0.0"/></Obs></Series><Series><SeriesKey><Value concept="F-DATA_C-A10-0" value="C-A10-0_A10-2016"/><Value concept="F-DATA_C-EWSTUF-0" value="C-EWSTUF5-0_EWSTUF5-2"/><Value concept="F-DATA_C-C41-2" value="C-S07-0_S07-2"/><Value concept="MEASURES_DIMENSION" value="F-DATA_@7c@@7c@STATFUNCT@7c@sumof@7c@@2b@@7c@@23@@23@col@2e@fact@2e@F-DATA@2e@F-LJ@5f@1@40@@40@F-LJ@5f@1"/></SeriesKey><Attributes><Value concept="UNIT_MEASURE" value="number"/><Value concept="UNIT_MULT" value="0"/><Value concept="AGGREGATION_LEVEL" value="F-DATA"/><Value concept="MEASURE_TYPE" value="sum"/></Attributes><Obs><Time>2019-11-07</Time><ObsValue value="0.0"/></Obs></Series><Series><SeriesKey><Value concept="F-DATA_C-A10-0" value="C-A10-0_A10-2016"/><Value concept="F-DATA_C-EWSTUF-0" value="C-EWSTUF5-0_EWSTUF5-2"/><Value concept="F-DATA_C-C41-2" value="C-S07-0_S07-2"/><Value concept="MEASURES_DIMENSION" value="F-DATA_@7c@@7c@STATFUNCT@7c@sumof@7c@@2b@@7c@@23@@23@col@2e@fact@2e@F-DATA@2e@F-LJ@5f@2@40@@40@F-LJ@5f@2"/></SeriesKey><Attributes><Value concept="UNIT_MEASURE" value="number"/><Value concept="UNIT_MULT" value="0"/><Value concept="AGGREGATION_LEVEL" value="F-DATA"/><Value concept="MEASURE_TYPE" value="sum"/></Attributes><Obs><Time>2019-11-07</Time><ObsValue value="0.0"/></Obs></Series><Series><SeriesKey><Value concept="F-DATA_C-A10-0" value="C-A10-0_A10-2017"/><Value concept="F-DATA_C-EWSTUF-0" value="C-EWSTUF5-0_EWSTUF5-1"/><Value concept="F-DATA_C-C41-2" value="C-B00-0_B00-1"/><Value concept="MEASURES_DIMENSION" value="F-DATA_@7c@@7c@STATFUNCT@7c@sumof@7c@@2b@@7c@@23@@23@col@2e@fact@2e@F-DATA@2e@F-LJ@5f@1@40@@40@F-LJ@5f@1"/></SeriesKey><Attributes><Value concept="UNIT_MEASURE" value="number"/><Value concept="UNIT_MULT" value="0"/><Value concept="AGGREGATION_LEVEL" value="F-DATA"/><Value concept="MEASURE_TYPE" value="sum"/></Attributes><Obs><Time>2019-11-07</Time><ObsValue value="301689.0"/></Obs></Series><Series><SeriesKey><Value concept="F-DATA_C-A10-0" value="C-A10-0_A10-2017"/><Value concept="F-DATA_C-EWSTUF-0" value="C-EWSTUF5-0_EWSTUF5-1"/><Value concept="F-DATA_C-C41-2" value="C-B00-0_B00-1"/><Value concept="MEASURES_DIMENSION" value="F-DATA_@7c@@7c@STATFUNCT@7c@sumof@7c@@2b@@7c@@23@@23@col@2e@fact@2e@F-DATA@2e@F-LJ@5f@2@40@@40@F-LJ@5f@2"/></SeriesKey><Attributes><Value concept="UNIT_MEASURE" value="number"/><Value concept="UNIT_MULT" value="0"/><Value concept="AGGREGATION_LEVEL" value="F-DATA"/><Value concept="MEASURE_TYPE" value="sum"/></Attributes><Obs><Time>2019-11-07</Time><ObsValue value="300267.0"/></Obs></Series><Series><SeriesKey><Value concept="F-DATA_C-A10-0" value="C-A10-0_A10-2017"/><Value concept="F-DATA_C-EWSTUF-0" value="C-EWSTUF5-0_EWSTUF5-1"/><Value concept="F-DATA_C-C41-2" value="C-B00-0_B00-2"/><Value concept="MEASURES_DIMENSION" value="F-DATA_@7c@@7c@STATFUNCT@7c@sumof@7c@@2b@@7c@@23@@23@col@2e@fact@2e@F-DATA@2e@F-LJ@5f@1@40@@40@F-LJ@5f@1"/></SeriesKey><Attributes><Value concept="UNIT_MEASURE" value="number"/><Value concept="UNIT_MULT" value="0"/><Value concept="AGGREGATION_LEVEL" value="F-DATA"/><Value concept="MEASURE_TYPE" value="sum"/></Attributes><Obs><Time>2019-11-07</Time><ObsValue value="246970.0"/></Obs></Series><Series><SeriesKey><Value concept="F-DATA_C-A10-0" value="C-A10-0_A10-2017"/><Value concept="F-DATA_C-EWSTUF-0" value="C-EWSTUF5-0_EWSTUF5-1"/><Value concept="F-DATA_C-C41-2" value="C-B00-0_B00-2"/><Value concept="MEASURES_DIMENSION" value="F-DATA_@7c@@7c@STATFUNCT@7c@sumof@7c@@2b@@7c@@23@@23@col@2e@fact@2e@F-DATA@2e@F-LJ@5f@2@40@@40@F-LJ@5f@2"/></SeriesKey><Attributes><Value concept="UNIT_MEASURE" value="number"/><Value concept="UNIT_MULT" value="0"/><Value concept="AGGREGATION_LEVEL" value="F-DATA"/><Value concept="MEASURE_TYPE" value="sum"/></Attributes><Obs><Time>2019-11-07</Time><ObsValue value="246437.0"/></Obs></Series><Series><SeriesKey><Value concept="F-DATA_C-A10-0" value="C-A10-0_A10-2017"/><Value concept="F-DATA_C-EWSTUF-0" value="C-EWSTUF5-0_EWSTUF5-1"/><Value concept="F-DATA_C-C41-2" value="C-S07-0_S07-1"/><Value concept="MEASURES_DIMENSION" value="F-DATA_@7c@@7c@STATFUNCT@7c@sumof@7c@@2b@@7c@@23@@23@col@2e@fact@2e@F-DATA@2e@F-LJ@5f@1@40@@40@F-LJ@5f@1"/></SeriesKey><Attributes><Value concept="UNIT_MEASURE" value="number"/><Value concept="UNIT_MULT" value="0"/><Value concept="AGGREGATION_LEVEL" value="F-DATA"/><Value concept="MEASURE_TYPE" value="sum"/></Attributes><Obs><Time>2019-11-07</Time><ObsValue value="0.0"/></Obs></Series><Series><SeriesKey><Value concept="F-DATA_C-A10-0" value="C-A10-0_A10-2017"/><Value concept="F-DATA_C-EWSTUF-0" value="C-EWSTUF5-0_EWSTUF5-1"/><Value concept="F-DATA_C-C41-2" value="C-S07-0_S07-1"/><Value concept="MEASURES_DIMENSION" value="F-DATA_@7c@@7c@STATFUNCT@7c@sumof@7c@@2b@@7c@@23@@23@col@2e@fact@2e@F-DATA@2e@F-LJ@5f@2@40@@40@F-LJ@5f@2"/></SeriesKey><Attributes><Value concept="UNIT_MEASURE" value="number"/><Value concept="UNIT_MULT" value="0"/><Value concept="AGGREGATION_LEVEL" value="F-DATA"/><Value concept="MEASURE_TYPE" value="sum"/></Attributes><Obs><Time>2019-11-07</Time><ObsValue value="0.0"/></Obs></Series><Series><SeriesKey><Value concept="F-DATA_C-A10-0" value="C-A10-0_A10-2017"/><Value concept="F-DATA_C-EWSTUF-0" value="C-EWSTUF5-0_EWSTUF5-1"/><Value concept="F-DATA_C-C41-2" value="C-S07-0_S07-2"/><Value concept="MEASURES_DIMENSION" value="F-DATA_@7c@@7c@STATFUNCT@7c@sumof@7c@@2b@@7c@@23@@23@col@2e@fact@2e@F-DATA@2e@F-LJ@5f@1@40@@40@F-LJ@5f@1"/></SeriesKey><Attributes><Value concept="UNIT_MEASURE" value="number"/><Value concept="UNIT_MULT" value="0"/><Value concept="AGGREGATION_LEVEL" value="F-DATA"/><Value concept="MEASURE_TYPE" value="sum"/></Attributes><Obs><Time>2019-11-07</Time><ObsValue value="5321.0"/></Obs></Series><Series><SeriesKey><Value concept="F-DATA_C-A10-0" value="C-A10-0_A10-2017"/><Value concept="F-DATA_C-EWSTUF-0" value="C-EWSTUF5-0_EWSTUF5-1"/><Value concept="F-DATA_C-C41-2" value="C-S07-0_S07-2"/><Value concept="MEASURES_DIMENSION" value="F-DATA_@7c@@7c@STATFUNCT@7c@sumof@7c@@2b@@7c@@23@@23@col@2e@fact@2e@F-DATA@2e@F-LJ@5f@2@40@@40@F-LJ@5f@2"/></SeriesKey><Attributes><Value concept="UNIT_MEASURE" value="number"/><Value concept="UNIT_MULT" value="0"/><Value concept="AGGREGATION_LEVEL" value="F-DATA"/><Value concept="MEASURE_TYPE" value="sum"/></Attributes><Obs><Time>2019-11-07</Time><ObsValue value="4626.0"/></Obs></Series><Series><SeriesKey><Value concept="F-DATA_C-A10-0" value="C-A10-0_A10-2017"/><Value concept="F-DATA_C-EWSTUF-0" value="C-EWSTUF5-0_EWSTUF5-2"/><Value concept="F-DATA_C-C41-2" value="C-B00-0_B00-1"/><Value concept="MEASURES_DIMENSION" value="F-DATA_@7c@@7c@STATFUNCT@7c@sumof@7c@@2b@@7c@@23@@23@col@2e@fact@2e@F-DATA@2e@F-LJ@5f@1@40@@40@F-LJ@5f@1"/></SeriesKey><Attributes><Value concept="UNIT_MEASURE" value="number"/><Value concept="UNIT_MULT" value="0"/><Value concept="AGGREGATION_LEVEL" value="F-DATA"/><Value concept="MEASURE_TYPE" value="sum"/></Attributes><Obs><Time>2019-11-07</Time><ObsValue value="117864.0"/></Obs></Series><Series><SeriesKey><Value concept="F-DATA_C-A10-0" value="C-A10-0_A10-2017"/><Value concept="F-DATA_C-EWSTUF-0" value="C-EWSTUF5-0_EWSTUF5-2"/><Value concept="F-DATA_C-C41-2" value="C-B00-0_B00-1"/><Value concept="MEASURES_DIMENSION" value="F-DATA_@7c@@7c@STATFUNCT@7c@sumof@7c@@2b@@7c@@23@@23@col@2e@fact@2e@F-DATA@2e@F-LJ@5f@2@40@@40@F-LJ@5f@2"/></SeriesKey><Attributes><Value concept="UNIT_MEASURE" value="number"/><Value concept="UNIT_MULT" value="0"/><Value concept="AGGREGATION_LEVEL" value="F-DATA"/><Value concept="MEASURE_TYPE" value="sum"/></Attributes><Obs><Time>2019-11-07</Time><ObsValue value="117534.0"/></Obs></Series><Series><SeriesKey><Value concept="F-DATA_C-A10-0" value="C-A10-0_A10-2017"/><Value concept="F-DATA_C-EWSTUF-0" value="C-EWSTUF5-0_EWSTUF5-2"/><Value concept="F-DATA_C-C41-2" value="C-B00-0_B00-2"/><Value concept="MEASURES_DIMENSION" value="F-DATA_@7c@@7c@STATFUNCT@7c@sumof@7c@@2b@@7c@@23@@23@col@2e@fact@2e@F-DATA@2e@F-LJ@5f@1@40@@40@F-LJ@5f@1"/></SeriesKey><Attributes><Value concept="UNIT_MEASURE" value="number"/><Value concept="UNIT_MULT" value="0"/><Value concept="AGGREGATION_LEVEL" value="F-DATA"/><Value concept="MEASURE_TYPE" value="sum"/></Attributes><Obs><Time>2019-11-07</Time><ObsValue value="192845.0"/></Obs></Series><Series><SeriesKey><Value concept="F-DATA_C-A10-0" value="C-A10-0_A10-2017"/><Value concept="F-DATA_C-EWSTUF-0" value="C-EWSTUF5-0_EWSTUF5-2"/><Value concept="F-DATA_C-C41-2" value="C-B00-0_B00-2"/><Value concept="MEASURES_DIMENSION" value="F-DATA_@7c@@7c@STATFUNCT@7c@sumof@7c@@2b@@7c@@23@@23@col@2e@fact@2e@F-DATA@2e@F-LJ@5f@2@40@@40@F-LJ@5f@2"/></SeriesKey><Attributes><Value concept="UNIT_MEASURE" value="number"/><Value concept="UNIT_MULT" value="0"/><Value concept="AGGREGATION_LEVEL" value="F-DATA"/><Value concept="MEASURE_TYPE" value="sum"/></Attributes><Obs><Time>2019-11-07</Time><ObsValue value="192245.0"/></Obs></Series><Series><SeriesKey><Value concept="F-DATA_C-A10-0" value="C-A10-0_A10-2017"/><Value concept="F-DATA_C-EWSTUF-0" value="C-EWSTUF5-0_EWSTUF5-2"/><Value concept="F-DATA_C-C41-2" value="C-S07-0_S07-1"/><Value concept="MEASURES_DIMENSION" value="F-DATA_@7c@@7c@STATFUNCT@7c@sumof@7c@@2b@@7c@@23@@23@col@2e@fact@2e@F-DATA@2e@F-LJ@5f@1@40@@40@F-LJ@5f@1"/></SeriesKey><Attributes><Value concept="UNIT_MEASURE" value="number"/><Value concept="UNIT_MULT" value="0"/><Value concept="AGGREGATION_LEVEL" value="F-DATA"/><Value concept="MEASURE_TYPE" value="sum"/></Attributes><Obs><Time>2019-11-07</Time><ObsValue value="0.0"/></Obs></Series><Series><SeriesKey><Value concept="F-DATA_C-A10-0" value="C-A10-0_A10-2017"/><Value concept="F-DATA_C-EWSTUF-0" value="C-EWSTUF5-0_EWSTUF5-2"/><Value concept="F-DATA_C-C41-2" value="C-S07-0_S07-1"/><Value concept="MEASURES_DIMENSION" value="F-DATA_@7c@@7c@STATFUNCT@7c@sumof@7c@@2b@@7c@@23@@23@col@2e@fact@2e@F-DATA@2e@F-LJ@5f@2@40@@40@F-LJ@5f@2"/></SeriesKey><Attributes><Value concept="UNIT_MEASURE" value="number"/><Value concept="UNIT_MULT" value="0"/><Value concept="AGGREGATION_LEVEL" value="F-DATA"/><Value concept="MEASURE_TYPE" value="sum"/></Attributes><Obs><Time>2019-11-07</Time><ObsValue value="0.0"/></Obs></Series><Series><SeriesKey><Value concept="F-DATA_C-A10-0" value="C-A10-0_A10-2017"/><Value concept="F-DATA_C-EWSTUF-0" value="C-EWSTUF5-0_EWSTUF5-2"/><Value concept="F-DATA_C-C41-2" value="C-S07-0_S07-2"/><Value concept="MEASURES_DIMENSION" value="F-DATA_@7c@@7c@STATFUNCT@7c@sumof@7c@@2b@@7c@@23@@23@col@2e@fact@2e@F-DATA@2e@F-LJ@5f@1@40@@40@F-LJ@5f@1"/></SeriesKey><Attributes><Value concept="UNIT_MEASURE" value="number"/><Value concept="UNIT_MULT" value="0"/><Value concept="AGGREGATION_LEVEL" value="F-DATA"/><Value concept="MEASURE_TYPE" value="sum"/></Attributes><Obs><Time>2019-11-07</Time><ObsValue value="0.0"/></Obs></Series><Series><SeriesKey><Value concept="F-DATA_C-A10-0" value="C-A10-0_A10-2017"/><Value concept="F-DATA_C-EWSTUF-0" value="C-EWSTUF5-0_EWSTUF5-2"/><Value concept="F-DATA_C-C41-2" value="C-S07-0_S07-2"/><Value concept="MEASURES_DIMENSION" value="F-DATA_@7c@@7c@STATFUNCT@7c@sumof@7c@@2b@@7c@@23@@23@col@2e@fact@2e@F-DATA@2e@F-LJ@5f@2@40@@40@F-LJ@5f@2"/></SeriesKey><Attributes><Value concept="UNIT_MEASURE" value="number"/><Value concept="UNIT_MULT" value="0"/><Value concept="AGGREGATION_LEVEL" value="F-DATA"/><Value concept="MEASURE_TYPE" value="sum"/></Attributes><Obs><Time>2019-11-07</Time><ObsValue value="0.0"/></Obs></Series><Annotations><common:Annotation><common:AnnotationType>Q</common:AnnotationType><common:AnnotationText xml:lang="de">STATcube – Statistische Datenbank von STATISTIK AUSTRIA</common:AnnotationText></common:Annotation></Annotations></message:DataSet></message:GenericData>