<?xml version='1.0' encoding='UTF-8'?><message:Structure xmlns:message="http://www.SDMX.org/resources/SDMXML/schemas/v2_0/message" xmlns="http://www.SDMX.org/resources/SDMXML/schemas/v2_0/structure" xmlns:common="http://www.SDMX.org/resources/SDMXML/schemas/v2_0/common" xmlns:xsi="http://www.w3.org/2001/XMLSchema-instance" xsi:schemaLocation="http://www.SDMX.org/resources/SDMXML/schemas/v2_0/message http://www.sdmx.org/docs/2_0/SDMXMessage.xsd http://www.SDMX.org/resources/SDMXML/schemas/v2_0/structure http://www.sdmx.org/docs/2_0/SDMXStructure.xsd"><message:Header><message:ID>dedemoDECILL2023-04-12T110409</message:ID><message:Test>false</message:Test><message:Prepared>2023-04-12T11:04:09.480+02:00</message:Prepared><message:Sender id="ST_AT"><message:Name xml:lang="de">Statistics Austria</message:Name></message:Sender></message:Header><message:CodeLists><CodeList id="C-A10-0" agencyID="ST_AT"><Name xml:lang="de">Zeit</Name><Name xml:lang="en">Time</Name><Code value="C-A10-0_A10-2016"><Description xml:lang="de">2016</Description><Description xml:lang="en">2016</Description></Code><Code value="C-A10-0_A10-2017"><Description xml:lang="de">2017</Description><Description xml:lang="en">2017</Description></Code></CodeList><CodeList id="C-EWSTUF5-0" agencyID="ST_AT"><Name xml:lang="de">Einwohnerstufen</Name><Name xml:lang="en">Einwohnerstufen</Name><Code value="C-EWSTUF5-0_EWSTUF5-1"><Description xml:lang="de">bis 2 500 Einwohner</Description><Description xml:lang="en">bis 2 500 Einwohner</Description></Code><Code value="C-EWSTUF5-0_EWSTUF5-2"><Description xml:lang="de">2 501 bis 5 000 Einwohner</Description><Description xml:lang="en">2 501 bis 5 000 Einwohner</Description></Code></CodeList><CodeList id="C-B00-0" agencyID="ST_AT"><Name xml:lang="de">Bundesland (NUTS 2-Einheit)</Name><Name xml:lang="en">Bundesland (NUTS 2-Einheit)</Name><Code value="C-B00-0_B00-1"><Description xml:lang="de">Burgenland &lt;AT11></Description><Description xml:lang="en">Burgenland &lt;AT11></Description></Code><Code value="C-B00-0_B00-2"><Description xml:lang="de">Kärnten &lt;AT21></Description><Description xml:lang="en">Carinthia &lt;AT21></Description></Code><Code value="C-S07-0_S07-1" parentCode="C-B00-0_B00-1"><Description xml:lang="de">Eisenstadt (Stadt) &lt;101></Description><Description xml:lang="en">Eisenstadt urban area &lt;101></Description></Code><Code value="C-S07-0_S07-2" parentCode="C-B00-0_B00-1"><Description xml:lang="de">Rust (Stadt) &lt;102></Description><Description xml:lang="en">Rust urban area &lt;102></Description></Code></CodeList><CodeList id="CL_UNIT_MEASURE" agencyID="ST_AT"><Name xml:lang="de">Maßeinheit</Name><Name xml:lang="en">Unit of Measure</Name><Code value="number"><Description xml:lang="de">Anzahl</Description><Description xml:lang="en">Number</Description></Code></CodeList><CodeList id="CL_UNIT_MULT" agencyID="ST_AT"><Name xml:lang="de">Multiplikator</Name><Name xml:lang="en">Unit Multiplier</Name><Code value="0"><Description xml:lang="de">Einheiten</Description><Description xml:lang="en">Units</Description></Code></CodeList><CodeList id="CL_MEASURE_TYPE" agencyID="ST_AT"><Name xml:lang="de">Art der Maßeinheit</Name><Name xml:lang="en">Measure Type</Name><Code value="sum"><Description xml:lang="de">Summe</Description><Description xml:lang="en">Sum</Description></Code></CodeList><CodeList id="CL_MEASURES_DIMENSION" agencyID="ST_AT"><Name xml:lang="de">Maße</Name><Name xml:lang="en">Measures</Name><Code value="F-DATA_@7c@@7c@STATFUNCT@7c@sumof@7c@@2b@@7c@@23@@23@col@2e@fact@2e@F-DATA@2e@F-LJ@5f@1@40@@40@F-LJ@5f@1"><Description xml:lang="de">Ordentliche Ausgaben</Description><Description xml:lang="en">Ordinary expenditures</Description></Code><Code value="F-DATA_@7c@@7c@STATFUNCT@7c@sumof@7c@@2b@@7c@@23@@23@col@2e@fact@2e@F-DATA@2e@F-LJ@5f@2@40@@40@F-LJ@5f@2"><Description xml:lang="de">Ordentliche Einnahmen</Description><Description xml:lang="en">Ordinary revenues</Description></Code></CodeList><CodeList id="CL_AGGREGATION_LEVEL" agencyID="ST_AT"><Name xml:lang="de">Aggregierungsebene</Name><Name xml:lang="en">Aggregation Level</Name><Code value="F-DATA"><Description xml:lang="de">F-DATA</Description><Description xml:lang="en">F-DATA</Description></Code></CodeList></message:CodeLists><message:Concepts><ConceptScheme id="dedemo" agencyID="ST_AT"><Name xml:lang="de">Gemeindedaten  (Demo)</Name><Name xml:lang="en">Communes (Demo)</Name><Description xml:lang="de">.) Gegenstand der Statistik:&#xd;
Beschreibung des Inhaltes der statistischen Erhebung&#xd;
&#xd;
.) Datenprovenienz und gesetzliche Grundlage:&#xd;
Auflistung der für die Erhebung zu Grunde liegenden &#xd;
Rechtsvorschriften&#xd;
&#xd;
.) Aktualisierung:&#xd;
Hinweis auf Verfügbarkeit der nächsten Zeitscheibe bzw. auf &#xd;
abgeschlossene Zeitreihe&#xd;
In eckiger Klammer das Datum der letzten Aktualisierung: &#xd;
z.B.: [15.05.2019]&#xd;
&#xd;
.) Bearbeitungsnachweis:&#xd;
Nennung der zuständigen Direktion&#xd;
Name, Telefonnummer und Email-Adresse des Sachbearbeiters&#xd;
&#xd;
&#xd;
Weitere Metadaten: http://statcube.at&#xd;
</Description><Description xml:lang="en">.) Subject&#xd;
Description of the content of the statistical survey&#xd;
&#xd;
.) Data provenance and legal foundations&#xd;
Mentioning of the legal base of the survey &#xd;
&#xd;
.) Updating&#xd;
Information about the next updating &#xd;
Latest change of cube [2019-05-15]&#xd;
&#xd;
.) Documentation&#xd;
Name of the Directorate&#xd;
Name, phone number and email-address of the contact person &#xd;
&#xd;
&#xd;
Other Metadata: http://statcube.com&#xd;
</Description><Concept id="F-DATA_C-A10-0"><Name xml:lang="de">Zeit</Name><Name xml:lang="en">Time</Name></Concept><Concept id="F-DATA_C-EWSTUF-0"><Name xml:lang="de">Einwohnerstufen</Name><Name xml:lang="en">Levels of inhabitants</Name></Concept><Concept id="F-DATA_C-C41-2"><Name xml:lang="de">Gemeinde [teilw. ABO]</Name><Name xml:lang="en">Gemeinde [teilw. ABO]</Name></Concept><Concept id="MEASURES_DIMENSION"><Name xml:lang="de">Variablen der Dimension der Maßeinheit</Name><Name xml:lang="en">Measure dimension variables</Name></Concept><Concept id="UNIT_MEASURE"><Name xml:lang="de">Einheit, in der die Werte gemessen werden</Name><Name xml:lang="en">Unit in which the data values are measured</Name></Concept><Concept id="UNIT_MULT"><Name xml:lang="de">Exponent mit Basis 10 …</Name><Name xml:lang="en">Exponent in base 10 …</Name></Concept><Concept id="AGGREGATION_LEVEL"><Name xml:lang="de">Satzart der Aggregierung</Name><Name xml:lang="en">Record type used for aggregation</Name></Concept><Concept id="MEASURE_TYPE"><Name xml:lang="de">Zur Werteaggregierung verwendete Methode</Name><Name xml:lang="en">Method used to aggregate measures</Name></Concept><Concept id="OBS_VALUE"><Name xml:lang="de">Beobachtungswert</Name><Name xml:lang="en">Observation value</Name><Description xml:lang="de">Wert einer bestimmten Periode, einer bestimmten Variable.</Description><Description xml:lang="en">The value, at a particular period, of a particular variable.</Description><TextFormat textType="Double"/><Annotations><common:Annotation><common:AnnotationType>COMMENT</common:AnnotationType><common:AnnotationText xml:lang="en">The observation value is the field which holds the exchanged data.</common:AnnotationText></common:Annotation></Annotations></Concept><Concept id="TIME"><Name xml:lang="de">Zeit</Name><Name xml:lang="en">Time</Name></Concept><Annotations><common:Annotation><common:AnnotationTitle>Q</common:AnnotationTitle><common:AnnotationType>Footnote</common:AnnotationType><common:AnnotationText xml:lang="de">STATcube – Statistische Datenbank von STATISTIK AUSTRIA</common:AnnotationText><common:AnnotationText xml:lang="en">STATcube – Statistical Database of STATISTICS AUSTRIA</common:AnnotationText></common:Annotation></Annotations></ConceptScheme></message:Concepts><message:KeyFamilies><KeyFamily id="dedemoDECILL2023-04-12T110409" agencyID="ST_AT"><Name xml:lang="de">Zeit</Name><Name xml:lang="en">Time</Name><Components><Dimension conceptRef="F-DATA_C-A10-0" codelist="C-A10-0"/><Dimension conceptRef="F-DATA_C-EWSTUF-0" codelist="C-EWSTUF5-0"/><Dimension conceptRef="F-DATA_C-C41-2" codelist="C-B00-0"/><Dimension conceptRef="MEASURES_DIMENSION" codelist="CL_MEASURES_DIMENSION" isMeasureDimension="true"/><TimeDimension conceptRef="TIME"/><PrimaryMeasure conceptRef="OBS_VALUE"/><Attribute conceptRef="UNIT_MEASURE" codelist="CL_UNIT_MEASURE" attachmentLevel="Series" assignmentStatus="Mandatory"/><Attribute conceptRef="UNIT_MULT" codelist="CL_UNIT_MULT" attachmentLevel="Series" assignmentStatus="Mandatory"/><Attribute conceptRef="AGGREGATION_LEVEL" codelist="CL_AGGREGATION_LEVEL" attachmentLevel="Series" assignmentStatus="Mandatory"/><Attribute conceptRef="MEASURE_TYPE" codelist="CL_MEASURE_TYPE" attachmentLevel="Series" assignmentStatus="Mandatory"/></Components></KeyFamily></message:KeyFamilies></message:Structure>